RK,Class Rk,Year,Player Name,,QB Grade,Overall,Z-Score,School,Conf Rk,DOB,Age,Year,Draft Age,Archetype,Height,Weight,BMI,40 Time,Draft Cap,PDOM1,PDOM2,PDOM3,PDOM4,PDOM5,TDOM,PDOM+,RDOM1,RDOM2,ADOM,RDOM+,BOUT,Speed,Comp,YPC,ADJ%,BTT%,TWP%,DAA,YPA,MTF/A,YCO/A
1,1,2024,Jayden Daniels,Cornerstone,15.28,99.50,2.92,LSU,1,12/18/00,24.79,RS SR,23.37,Dual Threat,76,210,25.56,4.4,1,90.97%,89.70%,93.84%,77.27%,86.50%,90.17%,90.17%,38.48%,44.88%,44.88%,44.88%,18.71,112.06,71.1%,16.15,79.6%,8.4%,0.6%,69%,10.42,0.39,4.71
2,1,2021,Trevor Lawrence,Cornerstone,13.05,99.00,2.27,Clemson,4,10/6/99,25.99,JR,21.57,Dual Threat,78,220,25.42,4.58,1,0.00%,0.00%,78.33%,84.72%,75.39%,80.06%,72.05%,18.05%,15.60%,16.82%,15.14%,18.92,100.00,67.9%,13.67,77.3%,7.1%,1.6%,51%,7.80,0.26,3.28
3,1,2020,Joe Burrow,Elite,12.99,98.50,2.26,LSU,1,12/10/96,28.82,RS SR,23.39,Mobile Passer,75,221,27.62,4.83,1,0.00%,8.13%,1.66%,97.31%,94.09%,95.70%,95.70%,23.33%,20.43%,21.88%,21.88%,21.74,81.21,76.3%,14.10,81.9%,7.5%,1.7%,60%,6.00,0.17,2.54
4,1,2018,Baker Mayfield,Elite,12.99,98.00,2.25,Oklahoma,3,4/14/95,30.48,RS SR,23.05,Mobile Passer,72,216,29.29,4.84,1,45.33%,0.00%,92.34%,95.77%,91.49%,93.63%,84.27%,8.68%,14.46%,14.46%,13.01%,20.39,78.72,70.6%,16.20,80.6%,7.3%,2.2%,60%,5.70,0.20,2.67
5,1,2019,Kyler Murray,Elite,12.81,97.50,2.20,Oklahoma,3,8/7/97,28.16,RS JR,21.73,Dual Threat,70,207,29.70,4.65,1,0.00%,20.65%,0.00%,7.09%,96.55%,96.55%,86.89%,4.15%,30.09%,30.09%,27.08%,21.08,88.55,69.0%,16.78,78.9%,7.3%,2.2%,52%,7.90,0.16,3.18
6,1,2025,Jaxson Dart,Elite,12.57,97.10,2.13,Ole Miss,1,5/13/03,22.39,SR,21.97,Mobile Passer,74,225,28.89,4.6,1,0.00%,37.74%,95.41%,90.57%,93.75%,94.58%,94.58%,23.01%,26.45%,26.45%,26.45%,19.33,100.50,69.2%,15.49,77.7%,7.1%,1.8%,48%,6.50,0.22,3.25
7,2,2021,Justin Fields,Elite,12.49,96.60,2.11,Ohio State,2,3/5/99,26.58,JR,22.16,Dual Threat,75,223,27.87,4.49,1,0.00%,0.00%,10.74%,88.84%,99.90%,99.90%,99.90%,17.29%,23.27%,23.27%,23.27%,20.50,109.74,66.9%,13.75,75.9%,8.7%,2.3%,50%,8.20,0.13,4.30
8,2,2024,Caleb Williams,Elite,12.48,96.10,2.11,USC,5,11/18/01,23.87,JR,22.45,Mobile Passer,73,215,28.37,4.57,1,0.00%,0.00%,65.97%,96.66%,91.27%,93.96%,79.87%,23.48%,17.93%,20.71%,17.60%,19.80,98.58,68.0%,13.61,77.5%,6.6%,1.8%,53%,6.64,0.38,3.82
9,1,2015,Marcus Mariota,Elite,12.39,95.60,2.08,Oregon,5,10/30/93,31.93,JR,21.50,Dual Threat,76,222,27.02,4.52,1,0.00%,0.00%,92.69%,96.73%,94.92%,95.82%,81.45%,23.25%,25.47%,25.47%,21.65%,18.85,106.37,68.2%,14.68,76.7%,5.5%,2.8%,51%,11.10,0.17,3.62
10,3,2024,Drake Maye,Elite,12.39,95.10,2.08,North Carolina,4,8/30/02,23.09,JR,21.67,Mobile Passer,76,230,28.00,4.6,1,0.00%,0.00%,8.70%,99.15%,92.77%,95.96%,86.36%,37.58%,21.68%,29.63%,26.67%,20.03,102.74,65.7%,13.41,75.4%,8.4%,1.7%,56%,6.33,0.23,3.50
11,2,2020,Tua Tagovailoa,Elite,11.83,94.60,1.92,Alabama,1,3/2/98,27.59,JR,22.17,Pocket Passer,72,217,29.43,4.7,1,0.00%,0.00%,23.49%,81.29%,63.79%,72.54%,72.54%,9.49%,3.32%,6.40%,6.40%,20.51,88.94,71.4%,15.77,79.0%,8.7%,2.1%,60%,6.30,0.13,3.40
12,2,2018,Lamar Jackson,Elite,11.82,94.20,1.91,Louisville,4,1/7/97,28.74,JR,21.32,Dual Threat,74,216,27.73,4.53,1,0.00%,0.00%,57.72%,93.51%,93.56%,93.56%,84.20%,54.21%,52.12%,53.16%,47.85%,18.66,102.59,59.1%,14.36,71.7%,4.7%,3.4%,45%,8.80,0.33,4.48
13,2,2015,Jameis Winston,Elite,11.69,93.70,1.88,Florida State,4,1/6/94,31.75,JR,21.32,Mobile Passer,76,231,28.12,4.97,1,0.00%,0.00%,0.00%,91.73%,91.80%,91.80%,82.62%,13.02%,9.38%,11.20%,10.08%,19.66,75.72,66.9%,12.78,73.7%,11.2%,3.4%,57%,6.48,0.21,4.18
14,1,2023,CJ Stroud,Elite Upside,11.42,93.20,1.80,Ohio State,2,10/3/01,24.00,JR,21.58,Pocket Passer,75,214,26.75,4.65,1,0.00%,0.00%,0.00%,89.34%,95.00%,95.00%,95.00%,2.90%,7.21%,7.21%,7.21%,19.92,91.54,71.6%,14.33,79.0%,7.0%,2.5%,57%,4.50,0.10,1.40
15,3,2020,Justin Herbert,Elite Upside,11.29,92.70,1.76,Oregon,5,3/10/98,27.57,SR,22.15,Distributor,78,236,27.27,4.69,1,0.00%,60.82%,80.32%,97.67%,95.99%,96.83%,82.31%,11.53%,6.32%,8.93%,7.59%,18.49,97.56,66.1%,12.13,77.5%,9.2%,2.0%,55%,4.80,0.15,2.85
16,1,2017,Deshaun Watson,Elite Upside,11.28,92.20,1.76,Clemson,4,9/14/95,30.06,JR,21.63,Dual Threat,74,221,28.37,4.66,1,0.00%,0.00%,43.07%,93.33%,91.54%,92.43%,83.19%,33.39%,26.67%,30.03%,27.03%,19.98,93.73,67.6%,11.82,77.3%,6.7%,2.7%,48%,5.70,0.17,2.74
17,3,2021,Mac Jones,Elite Upside,11.22,91.70,1.74,Alabama,1,9/5/98,27.08,RS JR,22.66,Pocket Passer,74,205,26.32,4.88,1,0.00%,0.00%,2.53%,33.78%,96.52%,96.52%,96.52%,2.23%,3.16%,3.16%,3.16%,22.01,72.29,76.6%,15.49,84.2%,7.4%,2.4%,66%,3.40,0.00,1.20
18,1,2026,Fernando Mendoza,Elite Upside,11.02,91.30,1.68,Indiana,2,10/1/03,22.01,JR,22.59,Distributor,77,225,26.68,4.7,1,0.00%,0.00%,60.23%,89.35%,87.13%,89.35%,89.35%,17.79%,7.75%,12.77%,12.77%,19.93,92.22,75.2%,12.83,83.2%,5.7%,0.8%,54%,6.40,0.21,3.00
19,4,2020,Jalen Hurts,Elite Upside,11.00,90.80,1.67,Oklahoma,3,8/7/98,27.16,SR,21.74,Dual Threat,73,222,29.29,4.59,2,0.00%,87.79%,76.81%,15.76%,92.44%,92.44%,83.19%,26.25%,40.20%,40.20%,36.18%,18.08,100.03,69.5%,16.24,76.9%,5.1%,1.1%,50%,7.40,0.20,3.75
20,2,2023,Bryce Young,Elite Upside,10.88,90.30,1.64,Alabama,1,7/25/01,24.19,JR,21.77,Distributor,70,204,29.27,4.75,1,0.00%,0.00%,3.35%,95.80%,90.85%,93.32%,93.32%,10.73%,11.35%,11.35%,11.35%,20.12,80.15,66.4%,13.57,78.1%,6.3%,2.0%,50%,9.10,0.24,3.53
21,2,2025,Cam Ward,Elite Upside,10.77,89.80,1.61,Miami,4,5/25/02,23.36,RS SR,22.94,Distributor,74,223,28.63,4.87,1,99.33%,99.32%,97.94%,92.41%,95.27%,97.30%,87.57%,30.14%,12.82%,21.48%,19.33%,18.28,79.29,67.2%,14.14,78.6%,6.3%,3.3%,51%,7.60,0.25,3.95
22,4,2024,JJ McCarthy,Elite Upside,10.73,89.30,1.60,Michigan,2,1/20/03,22.70,JR,21.28,Distributor,75,202,25.25,4.48,1,0.00%,0.00%,16.11%,88.50%,93.32%,93.32%,93.32%,11.52%,12.58%,12.58%,12.58%,19.64,100.29,72.1%,12.46,80.0%,5.9%,2.9%,59%,6.00,0.32,3.30
23,2,2026,LaNorris Sellers,Elite Upside,10.65,88.80,1.57,South Carolina,1,6/23/05,20.28,RS SO,20.86,Game Manager,75,240,30.00,4.7,1,0.00%,0.00%,2.58%,86.78%,83.20%,86.78%,86.78%,32.09%,21.89%,26.99%,26.99%,19.21,98.37,64.8%,15.60,75.8%,7.6%,4.0%,57%,6.00,0.33,4.12
24,3,2026,Dante Moore,Elite Upside,10.58,88.40,1.55,Oregon,2,5/24/05,20.36,JR,20.94,Mobile Passer,75,206,25.75,4.7,2,0.00%,0.00%,54.01%,1.25%,89.57%,89.57%,89.57%,-0.17%,9.32%,9.32%,9.32%,20.29,84.43,87.5%,13.55,80.2%,6.9%,0.9%,63%,7.38,0.08,2.54
25,3,2018,Sam Darnold,Elite Upside,10.56,87.90,1.55,USC,5,6/5/97,28.33,RS SO,20.91,Distributor,75,221,27.62,4.85,1,0.00%,0.00%,0.00%,85.89%,98.78%,98.78%,83.96%,11.09%,8.89%,9.99%,8.49%,19.25,79.88,66.5%,13.65,75.8%,7.0%,3.2%,50%,4.90,0.13,2.44
26,4,2021,Zach Wilson,Elite Upside,10.53,87.40,1.54,BYU,7,8/3/99,26.17,JR,21.75,Game Manager,75,203,25.37,4.79,1,0.00%,0.00%,57.32%,64.09%,92.70%,92.70%,69.52%,13.16%,14.57%,14.57%,10.93%,19.09,77.12,61.6%,15.08,74.9%,6.7%,1.0%,60%,6.20,0.26,3.06
27,1,2016,Jared Goff,Elite Upside,10.46,86.90,1.52,California,5,10/14/94,30.98,JR,21.55,Pocket Passer,76,217,26.41,4.82,1,0.00%,0.00%,88.21%,95.44%,96.71%,96.71%,82.20%,6.87%,8.22%,8.22%,6.99%,18.89,80.41,63.8%,13.94,74.0%,6.4%,2.5%,50%,5.50,0.08,1.88
28,2,2017,Patrick Mahomes,Elite Upside,10.32,86.40,1.48,Texas Tech,3,9/17/95,30.05,JR,21.62,Mobile Passer,74,225,28.89,4.8,1,0.00%,0.00%,36.67%,91.82%,91.00%,91.41%,82.27%,21.78%,33.92%,33.92%,30.53%,19.97,84.77,65.4%,13.00,75.5%,6.6%,3.7%,44%,5.10,0.10,1.83
29,5,2024,Bo Nix,Elite Upside,10.28,85.90,1.46,Oregon,5,2/25/00,25.61,RS SR,24.19,Distributor,74,217,27.86,4.62,1,94.10%,99.55%,73.47%,96.95%,91.70%,95.62%,81.28%,18.17%,9.58%,13.87%,11.79%,19.53,95.26,77.3%,12.34,85.5%,5.0%,1.0%,57%,5.70,0.09,1.67
30,4,2018,Josh Allen,Elite Upside,10.07,85.50,1.40,Wyoming,7,5/21/96,29.37,RS JR,21.95,Dual Threat,76,237,28.85,4.75,1,0.00%,72.03%,1.92%,99.84%,78.65%,89.24%,66.93%,23.01%,33.64%,33.64%,25.23%,18.29,93.11,56.1%,11.92,67.0%,10.6%,4.1%,47%,5.70,0.25,3.72
31,2,2016,Paxton Lynch,Upside,10.00,85.00,1.38,Memphis,6,2/12/94,31.64,JR,22.22,Distributor,79,245,27.60,4.86,1,0.00%,0.00%,98.94%,98.54%,94.87%,96.91%,72.68%,16.56%,13.76%,15.16%,11.37%,19.56,87.83,67.0%,12.77,77.1%,6.0%,2.7%,52%,4.10,0.11,1.90
32,3,2017,Mitchell Trubisky,Upside,9.97,84.50,1.37,North Carolina,4,8/20/94,31.13,RS JR,22.70,Mobile Passer,74,222,28.50,4.67,1,0.00%,0.00%,12.70%,15.12%,98.85%,98.85%,88.96%,3.20%,21.58%,21.58%,19.42%,22.05,93.35,85.1%,12.31,85.1%,5.5%,3.7%,41%,6.50,0.21,3.99
33,4,2026,Arch Manning,Upside,9.87,84.00,1.35,Texas,1,4/26/05,20.44,RS SO,21.02,Mobile Passer,76,222,27.02,4.7,1,0.00%,0.00%,0.74%,21.05%,94.07%,94.07%,94.07%,5.28%,15.49%,15.49%,15.49%,20.36,90.99,61.3%,13.66,69.3%,7.2%,4.9%,53%,4.88,0.35,2.77
34,1,2022,Kenny Pickett,Upside,9.80,83.50,1.32,Pittsburgh,3,6/6/98,27.33,RS SR,23.91,Distributor,75,217,27.12,4.73,1,19.18%,99.40%,90.98%,84.25%,91.21%,95.30%,85.77%,16.97%,18.26%,18.26%,16.43%,20.25,86.71,66.9%,12.90,78.8%,5.2%,2.8%,57%,5.60,0.10,3.00
35,5,2026,John Mateer,Upside,9.68,83.00,1.29,Oklahoma,1,4/28/04,21.43,RS JR,22.01,Dual Threat,73,224,29.55,4.7,2,0.00%,0.97%,5.57%,87.38%,99.10%,93.24%,93.24%,42.57%,38.91%,40.74%,40.74%,20.36,91.81,67.6%,12.59,75.8%,5.4%,2.5%,53%,6.80,0.36,4.71
36,6,2024,Michael Penix,Upside,9.54,82.60,1.25,Washington,5,5/8/00,25.41,RS SR,23.99,Pocket Passer,75,213,26.62,4.46,1,35.03%,81.96%,44.59%,96.55%,95.17%,95.86%,81.48%,5.67%,4.29%,4.98%,4.23%,20.33,107.66,65.5%,13.48,74.5%,7.3%,1.3%,47%,2.90,0.07,1.29
37,2,2019,Dwayne Haskins,Upside,9.26,82.10,1.17,Ohio State,2,5/3/97,28.42,JR,22.00,Pocket Passer,75,231,28.87,5.04,1,0.00%,0.00%,0.00%,15.36%,96.32%,96.32%,96.32%,2.88%,5.76%,5.76%,5.76%,21.34,71.60,70.2%,12.93,77.1%,4.8%,2.9%,49%,4.10,0.05,1.87
38,5,2018,Josh Rosen,Upside,9.11,81.60,1.12,UCLA,5,2/10/97,28.65,JR,21.22,Pocket Passer,76,210,25.56,4.85,1,0.00%,0.00%,97.74%,54.02%,83.85%,90.80%,77.18%,2.63%,4.90%,4.90%,4.16%,18.56,75.91,62.5%,13.27,74.8%,5.8%,4.3%,43%,2.90,0.00,0.75
39,3,2016,Carson Wentz,Upside,8.99,81.10,1.09,North Dakota State,11,12/30/92,32.76,JR,23.34,Dual Threat,77,237,28.10,4.77,1,0.00%,0.00%,0.00%,98.70%,59.07%,78.88%,43.39%,20.19%,18.11%,19.15%,10.53%,21.68,91.56,64.3%,12.70,74.1%,6.5%,3.8%,50%,6.02,0.18,3.16
40,6,2026,Drew Allar,Upside,8.91,80.60,1.07,Penn State,2,3/8/04,21.57,SR,22.15,Game Manager,77,236,27.99,4.7,1,0.00%,10.48%,93.99%,91.25%,85.64%,92.62%,92.62%,12.37%,8.13%,10.25%,10.25%,19.50,96.73,66.5%,10.98,73.7%,5.1%,1.1%,51%,7.00,0.26,4.00
41,5,2021,Trey Lance,Upside,8.88,80.10,1.05,North Dakota State,11,5/9/00,25.40,JR,20.98,Run First,75,221,27.62,4.65,1,0.00%,0.00%,0.43%,95.71%,12.16%,53.94%,29.66%,24.77%,7.22%,16.00%,8.80%,19.32,94.54,66.7%,14.52,72.0%,5.6%,1.4%,40%,6.89,0.23,4.67
42,3,2023,Anthony Richardson,Upside,8.81,79.70,1.03,Florida,1,5/22/02,23.37,JR,20.95,Run First,76,244,29.70,4.3,1,0.00%,0.00%,0.59%,15.95%,87.73%,87.73%,87.73%,14.84%,26.25%,26.25%,26.25%,20.30,142.74,58.7%,14.59,66.7%,6.2%,3.3%,42%,8.30,0.40,4.58
43,7,2026,Garrett Nussmeier,Upside,8.75,79.20,1.02,LSU,1,2/7/02,23.65,RS SR,24.23,Pocket Passer,74,200,25.68,4.7,1,9.95%,21.22%,13.39%,98.68%,87.27%,98.68%,98.68%,5.65%,7.33%,7.33%,7.33%,22.58,81.97,68.6%,10.21,78.6%,7.5%,2.6%,50%,3.70,0.04,1.16
44,3,2019,Daniel Jones,Upside,8.71,78.70,1.01,Duke,4,5/27/97,28.36,JR,21.93,Game Manager,77,221,26.21,4.81,1,0.00%,0.00%,98.68%,97.01%,83.46%,91.07%,81.96%,28.74%,21.54%,25.14%,22.62%,19.28,82.57,60.1%,11.31,74.0%,4.7%,3.1%,44%,6.20,0.06,2.56
45,5,2020,Jordan Love,Upside,8.69,78.20,1.00,Nevada,7,11/2/98,26.92,JR,21.50,Distributor,76,224,27.27,4.65,1,0.00%,0.00%,55.51%,92.81%,93.85%,93.85%,70.39%,4.05%,12.52%,12.52%,9.39%,18.84,95.82,64.0%,11.58,72.7%,6.4%,3.0%,41%,3.90,0.14,1.64
46,2,2022,Matt Corral,Upside Lite,8.44,77.70,0.93,Ole Miss,1,1/31/99,26.67,RS JR,23.25,Dual Threat,74,212,27.22,4.75,3,0.00%,5.75%,58.51%,96.84%,93.79%,95.31%,95.31%,26.35%,24.57%,25.46%,25.46%,20.59,83.29,71.0%,12.84,78.9%,7.0%,1.8%,60%,6.30,0.26,3.43
47,8,2026,Sam Leavitt,Upside Lite,8.40,77.20,0.92,Arizona State,3,12/20/04,20.78,JR,21.36,Run First,74,210,26.96,4.7,1,0.00%,0.00%,5.80%,87.77%,100.00%,93.88%,84.50%,17.05%,29.78%,29.78%,26.80%,19.71,86.07,61.4%,10.54,72.3%,6.2%,1.1%,38%,7.97,0.34,6.20
48,3,2022,Sam Howell,Upside Lite,8.29,76.80,0.88,North Carolina,4,9/16/00,25.05,JR,21.62,Dual Threat,73,218,28.76,4.9,5,0.00%,0.00%,97.90%,98.29%,91.79%,95.04%,85.53%,11.09%,36.42%,36.42%,32.78%,18.97,75.63,68.0%,14.13,77.2%,8.8%,2.2%,53%,8.10,0.46,4.76
49,6,2021,Kyle Trask,Upside Lite,7.96,76.30,0.79,Florida,1,3/6/98,27.58,RS SR,23.16,Pocket Passer,77,239,28.34,4.8,2,0.00%,0.00%,5.84%,75.22%,94.17%,94.17%,94.17%,9.07%,10.06%,10.06%,10.06%,21.50,90.05,68.7%,14.21,76.6%,8.9%,2.6%,59%,3.90,0.11,1.96
50,4,2019,Drew Lock,Upside Lite,7.89,75.80,0.77,Missouri,1,11/10/96,28.90,SR,22.47,Distributor,75,228,28.50,4.69,2,0.00%,67.02%,95.18%,98.65%,96.20%,97.43%,97.43%,6.54%,9.49%,9.49%,9.49%,18.82,94.25,62.8%,12.71,73.5%,7.0%,2.0%,55%,5.50,0.12,2.45
51,3,2025,Jalen Milroe,Upside Lite,7.72,75.30,0.72,Alabama,1,12/13/02,22.81,RS JR,22.39,Run First,74,225,28.89,4.4,3,0.00%,0.81%,8.11%,92.00%,92.22%,92.22%,92.22%,28.87%,35.91%,35.91%,35.91%,20.74,120.06,65.6%,13.82,73.0%,9.1%,2.5%,52%,6.20,0.27,3.87
52,4,2023,Will Levis,Upside Lite,7.50,74.80,0.65,Kentucky,1,6/27/99,26.27,RS JR,23.85,Mobile Passer,76,229,27.87,4.75,2,0.00%,7.75%,17.97%,96.39%,89.30%,92.84%,92.84%,18.66%,6.48%,12.57%,12.57%,22.19,89.97,65.9%,13.01,75.6%,4.1%,2.6%,49%,5.30,0.18,3.20
53,4,2016,Dak Prescott,Upside Lite,7.41,74.30,0.63,Mississippi State,1,7/29/93,32.19,SR,22.76,Dual Threat,74,238,30.56,4.79,4,0.00%,6.28%,61.04%,94.52%,92.37%,93.44%,93.44%,33.90%,36.81%,36.81%,36.81%,20.10,90.42,65.8%,14.14,75.3%,5.1%,3.7%,50%,5.50,0.13,2.53
54,4,2017,DeShone Kizer,Upside Lite,7.29,73.90,0.59,Notre Dame,2,1/9/96,29.74,JR,21.31,Mobile Passer,76,233,28.36,4.83,2,0.00%,0.00%,0.00%,85.06%,96.17%,96.17%,96.17%,22.47%,27.92%,27.92%,27.92%,19.65,85.62,62.1%,13.77,71.0%,5.0%,4.4%,51%,5.50,0.12,2.63
55,9,2026,Cade Klubnik,Upside Lite,6.80,73.40,0.45,Clemson,4,10/10/03,21.98,SR,22.56,Distributor,74,210,26.96,4.7,2,0.00%,21.27%,95.49%,93.41%,100.00%,96.70%,87.03%,22.75%,18.00%,20.37%,18.33%,19.91,86.07,62.6%,11.19,74.8%,5.4%,1.8%,51%,5.90,0.16,2.93
56,10,2026,Carson Beck,Upside Lite,6.77,72.90,0.44,Miami,4,11/19/02,22.87,RS SR,23.45,Pocket Passer,76,210,25.56,4.7,2,4.66%,6.58%,92.40%,88.10%,90.00%,90.25%,81.22%,10.16%,4.52%,7.34%,6.61%,20.80,86.07,73.2%,11.85,80.6%,4.8%,1.6%,48%,4.00,0.11,2.00
57,4,2022,Brock Purdy,Upside Lite,6.63,72.40,0.40,Iowa State,3,12/27/99,25.77,SR,22.35,Distributor,73,212,27.97,4.84,7,0.00%,71.68%,98.22%,94.99%,93.29%,95.76%,86.18%,19.06%,16.09%,17.58%,15.82%,18.69,77.27,71.4%,15.48,79.0%,8.3%,2.7%,62%,5.90,0.19,2.59
58,5,2022,Desmond Ridder,Upside Lite,6.62,71.90,0.40,Cincinnati,6,8/31/99,26.09,SR,22.67,Mobile Passer,75,211,26.37,4.52,3,0.00%,85.70%,84.99%,95.98%,98.43%,98.43%,73.82%,31.31%,20.67%,25.99%,19.49%,19.01,101.10,66.4%,13.30,73.9%,6.5%,2.0%,52%,8.20,0.16,2.97
59,5,2016,Christian Hackenberg,Upside Lite,6.43,71.40,0.34,Penn State,2,2/14/95,30.64,JR,21.21,Pocket Passer,76,228,27.75,4.78,2,0.00%,0.00%,95.02%,97.76%,90.49%,94.13%,94.13%,11.86%,6.26%,9.06%,9.06%,18.56,87.35,55.6%,13.14,65.7%,4.7%,2.7%,40%,3.70,0.00,2.56
60,4,2025,Dillon Gabriel,Upside Lite,6.35,71.00,0.32,Oregon,2,12/28/00,24.76,RS SR,24.35,Distributor,72,200,27.12,4.94,3,99.86%,30.37%,96.19%,86.55%,98.49%,99.18%,99.18%,18.31%,12.65%,15.48%,15.48%,18.69,67.17,72.3%,11.82,81.9%,5.6%,1.1%,56%,5.40,0.23,2.50
61,11,2026,Brendan Sorsby,Upside Lite,6.26,70.50,0.29,Cincinnati,3,1/20/04,21.70,RS JR,22.28,Run First,75,235,29.37,4.7,0,0.00%,0.27%,62.16%,99.12%,85.34%,99.12%,89.21%,22.63%,31.45%,31.45%,28.31%,19.63,96.32,69.8%,14.82,77.6%,9.1%,1.3%,55%,6.92,0.32,3.64
62,6,2018,Mason Rudolph,Outlier,6.25,70.00,0.29,Oklahoma State,3,7/17/95,30.22,SR,22.79,Pocket Passer,76,235,28.60,4.9,3,0.00%,27.09%,82.03%,97.01%,97.02%,97.02%,87.31%,9.19%,4.70%,6.95%,6.25%,20.14,81.53,65.1%,15.39,73.7%,8.8%,2.5%,57%,3.60,0.13,2.46
63,5,2023,Max Duggan,Outlier,6.17,69.50,0.26,TCU,3,3/12/01,24.56,SR,22.14,Mobile Passer,74,207,26.58,4.52,7,0.00%,84.90%,91.80%,70.96%,94.17%,94.17%,84.75%,19.71%,20.37%,20.37%,18.34%,18.48,99.19,63.6%,13.85,74.2%,6.8%,2.6%,52%,5.60,0.18,2.32
64,7,2021,Ian Book,Outlier,6.15,69.00,0.26,Notre Dame,2,3/30/98,27.52,RS SR,23.09,Mobile Passer,72,212,28.75,4.95,4,0.00%,19.60%,78.37%,92.59%,99.23%,99.23%,99.23%,25.49%,22.83%,24.16%,24.16%,20.44,70.62,63.7%,12.65,75.7%,5.2%,2.3%,59%,6.20,0.07,2.65
65,12,2026,Noah Fifita,Outlier,6.07,68.50,0.24,Arizona,3,7/28/03,22.18,SR,22.76,Mobile Passer,70,186,26.69,4.7,0,0.00%,3.35%,71.63%,99.33%,95.57%,99.33%,89.39%,14.78%,15.68%,15.68%,14.11%,20.11,76.23,60.5%,15.48,78.4%,4.7%,0.0%,62%,4.80,0.29,3.39
66,8,2021,Sam Ehlinger,Outlier,6.03,68.10,0.22,Texas,3,9/30/98,27.01,SR,22.59,Dual Threat,75,230,28.75,4.74,6,0.00%,56.79%,90.90%,97.23%,91.40%,94.32%,84.88%,33.13%,24.36%,28.74%,25.87%,18.93,91.13,64.9%,13.20,74.3%,6.8%,1.7%,49%,6.10,0.19,2.79
67,6,2022,Dustin Crum,Outlier,5.96,67.60,0.20,Kent State,9,1/5/99,26.75,RS SR,23.32,Dual Threat,73,210,27.71,4.75,0,15.76%,6.92%,91.47%,91.42%,94.05%,94.05%,61.13%,21.07%,24.95%,24.95%,16.22%,20.67,82.50,73.0%,13.27,80.7%,7.1%,0.7%,57%,7.30,0.32,4.44
68,5,2019,Will Grier,Outlier,5.91,67.10,0.19,West Virginia,3,4/3/95,30.51,RS JR,24.08,Pocket Passer,74,217,27.86,4.84,3,0.00%,41.59%,0.00%,86.47%,91.67%,91.67%,82.51%,10.25%,3.40%,6.82%,6.14%,22.43,79.09,67.0%,14.53,76.6%,7.9%,2.9%,51%,4.10,0.13,3.53
69,9,2021,Davis Mills,Outlier,5.68,66.60,0.12,Stanford,5,10/21/98,26.95,SR,22.53,Pocket Passer,76,214,26.05,4.89,3,0.00%,0.00%,0.00%,62.05%,87.70%,87.70%,74.55%,7.75%,10.49%,10.49%,8.92%,20.87,74.85,65.8%,12.37,78.8%,7.7%,3.1%,67%,5.70,0.15,3.47
70,5,2025,Tyler Shough,Outlier,5.62,66.10,0.10,Louisville,4,9/28/99,26.02,RS SR,25.60,Pocket Passer,77,225,26.68,4.63,2,88.22%,25.54%,32.81%,25.62%,92.95%,92.95%,83.66%,9.54%,5.12%,7.33%,6.60%,20.94,97.92,62.1%,13.13,75.1%,5.1%,1.8%,47%,5.60,0.21,3.44
71,6,2016,Cody Kessler,Outlier,5.57,65.70,0.09,USC,5,5/11/93,32.40,SR,22.98,Pocket Passer,73,215,28.37,4.89,3,0.00%,0.25%,93.36%,98.83%,93.70%,96.27%,81.83%,3.01%,3.94%,3.94%,3.35%,20.32,75.20,69.3%,11.87,80.3%,4.9%,1.9%,57%,2.90,0.06,2.79
72,6,2023,Hendon Hooker,Outlier,5.55,65.20,0.08,Tennessee,1,1/13/98,27.72,RS SR,25.30,Mobile Passer,75,217,27.12,4.7,3,0.00%,57.25%,60.85%,88.21%,73.96%,81.08%,81.08%,25.62%,20.60%,23.11%,23.11%,21.64,88.94,69.2%,13.69,76.8%,5.6%,1.1%,50%,7.40,0.30,4.70
73,7,2024,Joe Milton,Outlier,5.32,64.70,0.02,Tennessee,1,3/6/00,25.58,RS SR,24.16,Mobile Passer,77,235,27.87,4.56,6,1.81%,71.37%,11.22%,22.91%,88.84%,88.84%,88.84%,3.20%,14.35%,14.35%,14.35%,20.50,108.70,64.7%,12.27,73.2%,11.1%,2.0%,52%,6.50,0.06,1.82
74,13,2026,Taylen Green,Outlier,5.24,64.20,-0.01,Arkansas,1,10/18/02,22.96,RS SR,23.54,Dual Threat,78,235,27.16,4.7,0,0.00%,76.12%,56.78%,88.10%,91.83%,89.96%,89.96%,30.65%,40.28%,40.28%,40.28%,19.88,96.32,64.3%,14.70,72.0%,5.5%,3.6%,48%,9.02,0.32,4.46
75,14,2026,Jayden Maiava,Outlier,5.13,63.70,-0.04,USC,2,4/6/04,21.49,RS JR,22.07,Distributor,76,230,28.00,4.7,0,0.00%,0.00%,91.70%,31.65%,92.23%,61.94%,61.94%,4.24%,6.16%,6.16%,6.16%,19.42,94.27,70.8%,17.99,79.8%,5.1%,2.9%,71%,4.40,0.32,3.07
76,6,2020,Jacob Eason,Outlier,5.05,63.20,-0.06,Washington,5,11/17/97,27.88,RS JR,22.46,Pocket Passer,78,227,26.23,4.9,4,0.00%,96.62%,1.06%,0.00%,99.34%,99.34%,84.44%,0.00%,3.17%,3.17%,2.70%,18.80,78.75,64.1%,12.04,74.9%,5.4%,2.6%,46%,2.10,0.00,1.61
77,8,2024,Jordan Travis,Outlier,4.97,62.80,-0.09,Florida State,4,5/2/00,25.42,RS SR,24.00,Mobile Passer,73,212,27.97,4.65,5,2.62%,59.63%,62.88%,91.34%,78.29%,84.82%,76.33%,18.18%,12.15%,15.17%,13.65%,20.35,90.69,63.7%,13.31,72.5%,6.8%,2.1%,52%,7.96,0.42,3.40
78,6,2025,Will Howard,Outlier,4.93,62.30,-0.10,Ohio State,2,9/24/01,24.02,RS SR,23.61,Distributor,76,235,28.60,4.5,6,63.44%,12.82%,55.41%,83.89%,95.13%,95.13%,95.13%,15.29%,11.78%,13.53%,13.53%,18.95,114.62,72.8%,13.00,79.6%,6.3%,3.1%,60%,5.80,0.09,1.67
79,7,2023,Clayton Tune,Outlier,4.87,61.80,-0.12,Houston,6,3/23/99,26.53,RS SR,24.11,Dual Threat,75,220,27.50,4.64,5,20.70%,62.75%,95.95%,93.21%,99.58%,99.58%,74.69%,16.96%,35.11%,35.11%,26.34%,20.45,94.93,67.8%,12.21,79.5%,6.0%,2.7%,48%,6.30,0.24,2.88
80,8,2023,Jake Haener,Outlier,4.82,61.30,-0.13,Fresno State,7,3/10/99,26.57,RS SR,24.15,Pocket Passer,72,207,28.07,4.8,4,3.21%,0.00%,94.43%,96.49%,76.56%,86.52%,64.89%,9.75%,2.60%,6.17%,4.63%,21.50,77.99,71.3%,11.46,78.8%,8.3%,2.2%,57%,3.50,0.07,2.24
81,3,2015,Bryce Petty,Outlier,4.75,60.80,-0.15,Baylor,3,5/31/91,34.35,SR,23.92,Distributor,75,226,28.25,4.87,4,0.00%,0.94%,2.19%,89.97%,81.04%,85.51%,76.96%,0.00%,8.47%,8.47%,7.63%,22.27,80.36,62.8%,14.28,72.9%,5.8%,2.4%,44%,3.80,0.06,1.35
82,7,2022,Malik Willis,Outlier,4.74,60.30,-0.15,Liberty,8,5/25/99,26.36,RS SR,22.94,Run First,72,219,29.70,4.5,3,1.38%,0.83%,0.00%,89.26%,86.24%,87.75%,57.04%,54.27%,53.14%,53.70%,34.91%,21.29,106.81,64.3%,13.75,73.6%,11.0%,3.7%,51%,8.10,0.44,5.26
83,10,2021,Feleipe Franks,Outlier,4.72,59.90,-0.16,Arkansas,1,12/22/97,27.78,SR,23.36,Game Manager,77,227,26.92,4.83,0,0.00%,72.76%,88.51%,17.85%,86.26%,87.39%,87.39%,4.06%,19.47%,19.47%,19.47%,19.70,83.42,68.1%,13.07,80.3%,6.6%,2.7%,68%,4.40,0.16,2.49
84,5,2017,Joshua Dobbs,Outlier,4.71,59.40,-0.16,Tennessee,1,1/26/95,30.69,SR,22.27,Run First,75,216,27.00,4.64,4,0.00%,35.12%,41.08%,89.54%,94.94%,94.94%,94.94%,26.52%,35.89%,35.89%,35.89%,20.61,93.20,62.5%,13.08,72.4%,4.3%,4.2%,56%,8.10,0.32,5.41
85,6,2017,Chad Kelly,Outlier,4.69,58.90,-0.17,Ole Miss,1,3/26/94,31.53,SR,23.10,Mobile Passer,73,215,28.37,4.75,7,0.00%,0.00%,0.00%,92.76%,72.98%,82.87%,82.87%,24.30%,21.83%,23.07%,23.07%,21.45,84.47,64.8%,13.45,75.5%,6.6%,3.9%,53%,6.80,0.24,3.97
86,15,2026,Josh Hoover,Outlier,4.65,58.40,-0.18,TCU,3,2/15/04,21.63,RS JR,22.21,Pocket Passer,74,200,25.68,4.7,5,0.00%,0.00%,58.89%,97.15%,97.66%,97.40%,87.66%,5.35%,5.33%,5.34%,4.81%,19.56,81.97,68.0%,14.29,76.7%,4.2%,2.6%,55%,3.50,0.05,3.25
87,8,2022,Bailey Zappe,Outlier,4.61,57.90,-0.19,Western Kentucky,10,4/26/99,26.44,RS SR,23.02,Pocket Passer,72,215,29.16,4.88,4,10.65%,19.14%,7.55%,99.51%,98.26%,98.89%,59.33%,18.75%,8.51%,13.63%,8.18%,21.37,75.82,68.7%,12.51,77.5%,6.5%,2.8%,59%,3.60,0.07,2.75
88,7,2025,Shedeur Sanders,Outlier,4.60,57.40,-0.19,Colorado,3,2/7/02,23.65,SR,23.23,Distributor,74,215,27.60,4.75,5,0.00%,100.00%,97.07%,91.34%,100.00%,100.00%,90.00%,28.37%,24.92%,26.64%,23.98%,19.58,84.47,73.4%,11.71,81.8%,5.0%,1.3%,49%,6.30,0.33,3.64
89,7,2016,Cardale Jones,Outlier,4.57,57.00,-0.20,Ohio State,2,9/29/92,33.02,JR,23.59,Game Manager,77,264,31.31,4.81,4,0.00%,0.00%,0.11%,23.06%,59.05%,59.05%,59.05%,8.62%,8.44%,8.53%,8.53%,22.93,98.64,61.9%,13.29,72.7%,3.3%,0.8%,54%,5.30,0.32,3.51
90,4,2015,Brett Hundley,Outlier,4.57,56.50,-0.20,UCLA,5,6/15/93,32.31,JR,21.88,Dual Threat,75,226,28.25,4.63,5,0.00%,0.00%,96.89%,93.94%,93.54%,95.21%,80.93%,0.00%,28.04%,28.04%,23.84%,19.22,98.36,68.2%,11.63,78.1%,4.1%,3.1%,40%,6.30,0.14,2.35
91,7,2020,Jake Fromm,Outlier,4.55,56.00,-0.21,Georgia,1,7/30/98,27.18,JR,21.76,Pocket Passer,74,219,28.12,4.9,5,0.00%,0.00%,97.44%,86.86%,91.45%,94.44%,94.44%,1.84%,3.10%,3.10%,3.10%,19.10,75.98,67.3%,12.20,75.7%,6.0%,1.6%,58%,2.10,0.00,1.20
92,11,2021,Kellen Mond,Outlier Lite,4.49,55.50,-0.23,Texas A&M,1,6/22/99,26.28,SR,21.86,Run First,76,225,27.39,4.71,3,0.00%,41.79%,94.79%,94.67%,97.48%,97.48%,97.48%,30.14%,15.93%,23.04%,23.04%,19.21,91.44,63.1%,12.97,71.6%,6.1%,2.4%,44%,6.60,0.05,3.57
93,8,2016,Connor Cook,Outlier Lite,4.44,55.00,-0.24,Michigan State,2,1/29/93,32.68,RS SR,23.26,Pocket Passer,76,217,26.41,4.79,4,0.00%,3.44%,92.95%,93.08%,95.46%,95.46%,95.46%,3.99%,6.47%,6.47%,6.47%,20.60,82.44,57.8%,13.67,66.5%,7.6%,4.1%,59%,3.10,0.02,1.17
94,6,2019,Trace McSorley,Outlier Lite,4.44,54.50,-0.24,Penn State,2,8/23/95,30.12,SR,23.69,Run First,72,202,27.40,4.57,6,0.00%,6.64%,99.04%,94.62%,88.29%,93.67%,93.67%,25.74%,32.03%,32.03%,32.03%,21.04,92.62,66.0%,13.11,75.6%,6.6%,1.8%,53%,6.10,0.10,2.60
95,9,2024,Michael Pratt,Outlier Lite,4.43,54.10,-0.24,Tulane,8,9/30/01,24.01,SR,22.59,Game Manager,75,220,27.50,4.58,7,0.00%,85.19%,89.25%,90.58%,79.90%,85.24%,55.41%,19.65%,14.96%,17.31%,11.25%,18.93,100.00,65.4%,13.00,77.3%,6.5%,1.7%,50%,5.32,0.17,3.55
96,16,2026,Beau Pribula,Outlier Lite,4.34,53.60,-0.27,Missouri,1,10/5/03,21.99,JR,22.58,Mobile Passer,74,212,27.22,4.7,0,0.00%,0.00%,5.34%,7.54%,93.85%,93.85%,93.85%,7.56%,15.15%,15.15%,15.15%,21.92,86.89,74.3%,11.45,77.3%,4.2%,2.1%,75%,6.70,0.24,2.61
97,5,2015,Sean Mannion,Outlier Lite,4.31,53.10,-0.28,Oregon State,5,4/25/93,32.45,SR,22.02,Pocket Passer,76,230,28.00,5.14,3,0.00%,96.72%,61.27%,96.24%,96.07%,96.39%,81.93%,0.00%,0.58%,0.58%,0.49%,18.36,65.90,66.3%,11.22,71.4%,5.6%,3.0%,45%,0.40,0.00,0.09
98,7,2018,Alex McGough,Outlier Lite,4.30,52.60,-0.28,FIU,10,11/19/95,29.88,SR,22.45,Mobile Passer,74,220,28.25,4.74,7,0.00%,82.09%,94.92%,69.52%,92.41%,93.67%,56.20%,9.86%,17.80%,17.80%,10.68%,18.79,87.16,65.4%,12.07,76.5%,5.0%,3.2%,50%,6.40,0.19,2.09
99,6,2015,Garrett Grayson,Outlier Lite,4.30,52.10,-0.28,Colorado State,7,5/29/91,34.36,SR,23.93,Pocket Passer,74,220,28.25,4.8,3,0.00%,24.47%,37.51%,99.09%,95.79%,97.44%,73.08%,0.00%,5.55%,5.55%,4.16%,22.27,82.89,64.5%,14.67,75.4%,5.9%,3.6%,53%,3.20,0.07,0.36
100,8,2025,Cam Miller,Outlier Lite,4.27,51.60,-0.29,North Dakota State,11,6/18/01,24.29,RS SR,23.87,Dual Threat,73,212,27.97,4.62,6,28.98%,63.81%,97.49%,90.49%,90.55%,94.02%,51.71%,19.41%,22.82%,22.82%,12.55%,20.22,93.07,72.9%,12.59,78.4%,8.9%,1.3%,61%,5.70,0.11,2.16
101,17,2026,Darian Mensah,Outlier Lite,4.26,51.20,-0.29,Duke,4,1/25/05,20.68,RS SO,21.27,Pocket Passer,75,205,25.62,4.7,0,0.00%,0.00%,0.00%,92.87%,97.92%,95.39%,85.86%,8.66%,1.97%,5.31%,4.78%,19.61,84.02,67.2%,12.95,78.6%,7.1%,2.9%,52%,5.00,0.14,1.66
102,9,2023,Stetson Bennett,Outlier Lite,4.22,50.70,-0.31,Georgia,1,10/28/97,27.93,RS SR,25.51,Distributor,71,192,26.78,4.67,4,0.00%,8.33%,46.98%,75.73%,93.11%,93.11%,93.11%,11.61%,8.06%,9.84%,9.84%,23.86,80.74,68.1%,13.37,76.7%,5.9%,2.4%,56%,7.50,0.19,3.07
103,10,2023,Dorian Thompson-Robinson,Outlier Lite,4.15,50.20,-0.33,UCLA,5,11/14/99,25.89,RS SR,23.47,Dual Threat,74,203,26.06,4.56,5,45.85%,88.06%,71.80%,88.06%,91.22%,91.22%,77.54%,25.46%,23.00%,24.23%,20.59%,19.81,93.90,69.3%,11.88,77.4%,4.9%,2.6%,36%,6.60,0.18,2.58
104,7,2019,Jarrett Stidham,Outlier Lite,4.14,49.70,-0.33,Auburn,1,8/8/96,29.16,RS JR,22.73,Pocket Passer,74,218,27.99,4.81,4,0.00%,33.63%,0.00%,96.60%,96.65%,96.65%,96.65%,10.99%,6.95%,8.97%,8.97%,21.08,81.45,66.3%,12.48,75.3%,5.2%,3.0%,42%,5.00,0.18,2.35
105,9,2025,Graham Mertz,Outlier Lite,4.13,49.20,-0.33,Florida,1,12/6/00,24.82,RS SR,24.41,Pocket Passer,74,216,27.73,5.03,6,97.71%,94.04%,88.91%,93.54%,70.09%,83.90%,83.90%,4.56%,8.81%,8.81%,8.81%,19.75,67.49,76.6%,10.99,82.4%,6.6%,1.4%,47%,3.90,0.08,2.18
106,10,2024,Spencer Rattler,Outlier Lite,4.07,48.70,-0.35,South Carolina,1,3/28/00,25.52,RS SR,24.10,Distributor,73,217,28.63,4.95,5,1.95%,87.47%,43.30%,89.70%,95.41%,95.41%,95.41%,12.87%,27.44%,27.44%,27.44%,20.44,72.29,68.0%,11.62,79.4%,5.0%,2.2%,51%,5.54,0.22,2.67
107,9,2016,Jeff Driskel,Outlier Lite,4.05,48.30,-0.35,Louisiana Tech,8,4/23/93,32.45,RS SR,23.03,Mobile Passer,76,235,28.60,4.56,6,6.13%,86.54%,23.26%,52.80%,96.49%,96.49%,62.72%,10.50%,20.01%,20.01%,13.01%,19.37,108.70,62.4%,14.40,71.4%,6.2%,2.7%,39%,5.80,0.18,2.52
108,8,2018,Mike White,Outlier Lite,4.05,47.80,-0.35,Western Kentucky,10,3/25/95,30.53,RS SR,23.11,Pocket Passer,76,224,27.27,5.09,5,10.79%,69.42%,0.00%,92.51%,95.94%,95.94%,57.56%,1.22%,1.19%,1.20%,0.72%,19.45,66.74,67.3%,11.35,78.2%,8.1%,3.0%,61%,2.60,0.00,1.48
109,9,2018,Logan Woodside,Outlier Lite,4.04,47.30,-0.36,Toledo,9,1/27/95,30.69,RS SR,23.26,Pocket Passer,73,201,26.52,4.79,7,0.00%,74.05%,0.00%,98.38%,99.11%,99.11%,64.42%,1.08%,5.29%,5.29%,3.44%,19.61,76.36,69.1%,14.66,76.9%,6.5%,2.9%,52%,3.80,0.00,1.10
110,8,2019,Ryan Finley,Outlier Lite,4.04,46.80,-0.36,NC State,4,12/26/94,30.78,RS SR,24.35,Pocket Passer,76,213,25.93,4.73,4,4.10%,12.04%,89.61%,98.24%,96.39%,97.31%,87.58%,11.10%,4.56%,7.83%,7.05%,21.70,85.11,67.4%,12.04,74.6%,5.8%,2.3%,49%,3.80,0.02,0.90
111,7,2017,Davis Webb,Outlier Lite,4.03,46.30,-0.36,California,5,1/22/95,30.70,SR,22.28,Pocket Passer,76,229,27.87,4.79,3,0.00%,53.22%,60.46%,5.95%,99.65%,99.65%,84.70%,0.23%,0.45%,0.45%,0.38%,19.62,87.00,61.6%,11.23,71.3%,5.8%,0.0%,42%,3.00,0.13,1.10
112,18,2026,Diego Pavia,Outlier Lite,4.02,45.80,-0.36,Vanderbilt,1,4/30/01,24.43,RS SR,25.01,Run First,72,207,28.07,4.7,0,0.00%,65.62%,92.45%,98.62%,86.07%,98.62%,98.62%,46.12%,24.37%,35.25%,35.25%,21.35,84.84,73.9%,13.09,78.7%,6.9%,1.3%,50%,5.84,0.25,3.52
113,8,2017,Nathan Peterman,Outlier Lite,4.00,45.40,-0.37,Pittsburgh,4,5/4/94,31.42,SR,23.00,Distributor,74,225,28.89,4.82,5,0.00%,0.00%,1.68%,92.82%,99.06%,99.06%,89.16%,14.12%,11.67%,12.90%,11.61%,21.34,83.37,61.6%,15.43,73.0%,8.1%,4.6%,55%,5.20,0.06,2.59
114,8,2020,Shea Patterson,Outlier Lite,3.86,44.90,-0.41,Michigan,2,1/17/97,28.71,SR,23.29,Distributor,73,212,27.97,4.67,0,0.00%,23.15%,57.35%,92.76%,93.77%,93.77%,93.77%,14.68%,11.47%,13.08%,13.08%,20.63,89.15,64.6%,14.42,73.9%,7.0%,2.8%,52%,7.00,0.11,2.37
115,19,2026,Behren Morton,Outlier Lite,3.84,44.40,-0.42,Texas Tech,3,1/8/03,22.73,0.00,23.32,Pocket Passer,74,210,26.96,4.7,0,0.00%,28.45%,60.27%,86.47%,72.60%,86.47%,77.82%,6.69%,4.28%,5.49%,4.94%,20.66,86.07,68.3%,15.43,76.8%,5.9%,0.9%,44%,4.63,0.13,1.29
116,10,2018,JT Barrett,Outlier Lite,3.84,43.90,-0.42,Ohio State,2,1/23/95,30.70,SR,23.27,Dual Threat,73,224,29.55,4.7,0,0.00%,76.05%,40.38%,91.87%,83.12%,87.50%,87.50%,28.93%,25.06%,26.99%,26.99%,19.62,91.81,83.0%,12.69,75.8%,5.5%,2.9%,38%,5.80,0.17,2.71
117,20,2026,Kevin Jennings,Outlier Lite,3.82,43.40,-0.42,SMU,3,4/10/04,21.48,RS JR,22.06,Distributor,72,192,26.04,4.7,0,0.00%,4.98%,15.86%,89.12%,100.00%,94.56%,85.10%,17.41%,17.34%,17.37%,15.64%,20.41,78.69,68.5%,12.94,77.7%,5.2%,3.0%,56%,5.33,0.24,1.71
118,9,2017,Brad Kaaya,Outlier Lite,3.80,42.90,-0.43,Miami,4,9/3/95,30.09,JR,21.66,Pocket Passer,76,214,26.05,4.78,6,0.00%,0.00%,98.12%,90.01%,99.10%,99.10%,89.19%,-0.82%,0.70%,0.70%,0.63%,19.01,81.98,61.8%,13.53,71.0%,4.9%,2.6%,48%,0.60,0.00,0.62
119,11,2023,Jaren Hall,Outlier Lite,3.77,42.50,-0.44,BYU,7,3/24/98,27.53,SR,25.11,Mobile Passer,72,207,28.07,4.8,5,0.00%,11.35%,0.00%,64.82%,92.11%,92.11%,69.08%,14.78%,17.06%,17.06%,12.80%,23.45,77.99,65.7%,12.80,75.9%,6.7%,2.1%,58%,6.00,0.20,2.41
120,10,2025,Quinn Ewers,Outlier Lite,3.76,42.00,-0.44,Texas,1,3/15/03,22.55,SR,22.13,Pocket Passer,74,210,26.96,4.74,7,0.00%,0.00%,69.28%,85.50%,77.78%,81.64%,81.64%,7.69%,3.25%,5.47%,5.47%,19.49,83.20,68.5%,11.88,76.3%,6.3%,1.7%,44%,5.96,0.05,2.16
121,10,2016,Kevin Hogan,Outlier Lite,3.75,41.50,-0.44,Stanford,5,10/20/92,32.96,SR,23.53,Mobile Passer,75,218,27.25,4.78,5,0.00%,39.11%,94.91%,93.31%,95.41%,95.41%,81.10%,18.85%,13.10%,15.97%,13.58%,20.88,83.52,67.3%,13.73,75.7%,6.1%,4.6%,39%,5.80,0.15,2.52
122,11,2025,Kurtis Rourke,Outlier Lite,3.73,41.00,-0.45,Indiana,2,10/25/00,24.94,RS SR,24.52,Pocket Passer,77,223,26.44,4.74,7,87.90%,81.94%,83.74%,83.38%,89.55%,89.55%,89.55%,12.33%,4.32%,8.32%,8.32%,19.87,88.35,68.9%,13.70,78.0%,7.4%,2.6%,55%,3.70,0.09,1.62
123,9,2022,Skylar Thompson,Outlier Lite,3.72,40.50,-0.45,Kansas State,3,6/4/97,28.33,RS SR,24.91,Pocket Passer,74,219,28.12,4.91,7,30.50%,71.52%,98.43%,33.71%,81.61%,90.02%,81.02%,3.47%,6.15%,6.15%,5.54%,21.25,75.36,68.9%,13.04,78.1%,8.7%,2.6%,58%,4.50,0.17,2.32
124,9,2020,Nate Stanley,Outlier Lite,3.71,40.00,-0.45,Iowa,2,8/26/97,28.11,SR,22.68,Pocket Passer,76,235,28.60,4.79,7,0.00%,3.11%,98.50%,95.69%,99.09%,99.09%,99.09%,3.95%,9.76%,9.76%,9.76%,20.03,89.28,59.0%,12.50,73.0%,6.6%,2.0%,50%,3.30,0.04,2.68
125,21,2026,Sawyer Robertson,Outlier Lite,3.68,39.60,-0.46,Baylor,3,2/1/03,22.67,SR,23.25,Pocket Passer,76,220,26.78,4.7,4,0.00%,0.57%,26.87%,90.02%,96.92%,93.47%,84.12%,13.08%,9.92%,11.50%,10.35%,21.60,90.17,62.2%,12.74,71.2%,4.7%,3.1%,53%,6.86,0.18,3.80
126,22,2026,Rocco Becht,Outlier Lite,3.65,39.10,-0.47,Iowa State,3,11/12/03,21.89,SR,22.47,Distributor,73,210,27.71,4.7,6,0.00%,1.94%,97.96%,98.04%,96.85%,98.04%,88.24%,16.79%,11.53%,14.16%,12.74%,19.82,86.07,65.0%,13.23,71.9%,5.7%,1.7%,46%,4.40,0.13,2.09
127,11,2018,Danny Etling,Outlier Lite,3.62,38.60,-0.48,LSU,1,7/22/94,31.21,RS SR,23.78,Game Manager,73,215,28.37,4.76,7,65.25%,35.57%,0.00%,93.07%,93.08%,93.08%,93.08%,4.70%,8.99%,8.99%,8.99%,19.12,83.76,59.6%,14.92,69.5%,5.2%,2.5%,51%,4.90,0.00,2.84
128,10,2017,Jerod Evans,Outlier Lite,3.59,38.10,-0.49,Virginia Tech,4,1/16/94,31.72,JR,23.29,Dual Threat,75,232,29.00,4.8,0,0.00%,0.00%,0.00%,0.00%,96.78%,96.78%,87.10%,0.00%,35.96%,35.96%,32.36%,22.64,87.41,63.0%,13.19,71.4%,5.6%,3.5%,52%,5.40,0.16,3.35
129,11,2024,Taulia Tagovailoa,Outlier Lite,3.57,37.60,-0.49,Maryland,2,2/15/00,25.63,RS SR,24.21,Distributor,71,208,29.01,4.91,0,2.25%,76.29%,97.02%,88.71%,93.38%,95.20%,95.20%,12.87%,13.78%,13.78%,13.78%,20.56,71.58,89.7%,11.64,80.2%,5.6%,2.9%,58%,5.00,0.18,2.95
130,11,2016,Nate Sudfeld,Outlier Lite,3.51,37.10,-0.51,Indiana,2,10/7/93,31.99,SR,22.57,Pocket Passer,78,230,26.58,4.8,6,0.00%,16.93%,68.56%,67.83%,93.53%,93.53%,93.53%,4.37%,4.04%,4.20%,4.20%,19.91,86.65,59.8%,14.47,70.9%,5.8%,3.0%,49%,5.10,0.03,1.06
131,12,2016,Brandon Allen,Purgatory,3.47,36.70,-0.52,Arkansas,1,9/5/92,33.08,SR,23.66,Pocket Passer,74,209,26.83,4.84,6,0.00%,5.14%,87.09%,93.25%,98.31%,98.31%,98.31%,3.31%,6.37%,6.37%,6.37%,21.00,76.17,65.9%,14.05,74.1%,6.3%,3.9%,49%,3.60,0.04,1.98
132,13,2016,Jake Rudock,Purgatory,3.47,36.20,-0.52,Michigan,2,1/21/93,32.70,SR,23.28,Distributor,75,212,26.50,4.8,6,0.00%,0.00%,93.01%,79.07%,97.67%,97.67%,97.67%,12.80%,11.33%,12.06%,12.06%,20.62,79.87,64.1%,12.07,75.9%,4.1%,2.7%,57%,5.63,0.07,1.75
133,9,2019,Gardner Minshew,Purgatory,3.45,35.70,-0.53,Washington State,5,1/16/96,29.72,SR,23.29,Pocket Passer,72,225,30.52,4.97,6,0.00%,0.00%,33.62%,55.96%,98.23%,98.23%,83.49%,0.99%,12.14%,12.14%,10.32%,21.64,73.75,70.5%,10.19,80.7%,5.3%,1.8%,53%,2.40,0.00,1.23
134,11,2017,C.J. Beathard,Purgatory,3.43,35.20,-0.54,Iowa,2,11/16/93,31.88,SR,23.46,Pocket Passer,74,219,28.12,4.8,3,0.00%,6.99%,21.00%,98.36%,96.63%,97.50%,97.50%,15.15%,7.93%,11.54%,11.54%,21.80,82.51,61.1%,11.32,73.5%,4.2%,2.6%,45%,4.80,0.08,2.66
135,12,2023,Aidan O'Connell,Purgatory,3.39,34.70,-0.55,Purdue,2,9/1/98,27.09,RS SR,24.67,Pocket Passer,75,213,26.62,4.7,4,0.00%,29.60%,49.41%,80.28%,89.24%,89.24%,89.24%,1.90%,3.37%,3.37%,3.37%,23.01,87.30,71.7%,10.95,77.1%,7.8%,3.5%,55%,2.40,0.07,0.85
136,23,2026,Luke Altmyer,Purgatory,3.33,34.20,-0.56,Illinois,2,10/22/02,22.95,RS SR,23.53,Distributor,74,215,27.60,4.7,0,5.37%,4.01%,59.12%,99.24%,96.94%,99.24%,99.24%,19.32%,11.40%,15.36%,15.36%,20.87,88.12,68.3%,12.39,77.7%,5.3%,1.5%,58%,6.27,0.13,2.83
137,12,2025,Riley Leonard,Purgatory,3.32,33.80,-0.57,Notre Dame,2,9/13/02,23.05,SR,22.64,Run First,76,216,26.29,4.52,6,0.00%,13.20%,98.04%,46.87%,89.94%,93.99%,93.99%,17.24%,29.55%,29.55%,29.55%,19.99,103.50,66.4%,10.60,78.2%,4.1%,1.7%,49%,7.30,0.47,5.55
138,7,2015,Blake Sims,Purgatory,3.26,33.30,-0.59,Alabama,1,1/3/92,33.76,SR,23.33,Mobile Passer,71,219,30.54,4.57,0,0.00%,0.00%,2.52%,5.17%,89.28%,89.28%,89.28%,0.00%,14.75%,14.75%,14.75%,22.67,100.42,64.2%,13.84,74.2%,4.2%,2.6%,40%,6.12,0.23,2.04
139,10,2022,Carson Strong,Purgatory,3.26,32.80,-0.59,Nevada,7,9/14/99,26.05,SR,22.63,Pocket Passer,75,226,28.25,4.9,0,0.00%,0.00%,71.97%,99.41%,93.16%,96.28%,72.21%,4.85%,2.87%,3.86%,2.90%,19.98,78.41,70.1%,11.42,80.2%,6.1%,1.7%,50%,3.40,0.00,1.94
140,10,2020,Mason Fine,Purgatory,3.24,32.30,-0.59,North Texas,8,4/19/97,28.46,SR,23.04,Pocket Passer,69,190,28.06,4.6,0,0.00%,58.12%,98.78%,94.86%,90.79%,94.79%,61.61%,7.96%,4.84%,6.40%,4.16%,19.38,84.87,64.3%,12.11,79.7%,6.3%,2.8%,55%,3.50,0.03,1.51
141,13,2025,Kyle McCord,Purgatory,3.22,31.80,-0.60,Syracuse,4,9/19/02,23.04,SR,22.62,Pocket Passer,75,220,27.50,5,6,0.00%,8.40%,4.90%,90.59%,98.96%,98.96%,89.06%,1.91%,10.06%,10.06%,9.05%,20.97,70.40,65.8%,12.21,75.2%,5.7%,3.5%,56%,3.00,0.04,1.59
142,11,2022,Chase Garbers,Purgatory,3.20,31.40,-0.60,California,5,6/6/99,26.33,SR,22.91,Game Manager,73,220,29.03,4.85,0,0.00%,62.33%,69.11%,100.00%,95.19%,97.59%,82.95%,24.23%,27.21%,27.21%,23.13%,19.25,79.52,63.5%,11.35,73.8%,6.4%,1.7%,54%,6.30,0.13,2.40
143,24,2026,Avery Johnson,Purgatory,3.13,30.90,-0.62,Kansas State,3,11/2/04,20.92,JR,21.50,Distributor,75,188,23.50,4.7,0,0.00%,0.00%,15.28%,98.36%,100.00%,99.18%,89.26%,24.01%,18.63%,21.32%,19.19%,19.84,77.05,60.2%,11.05,74.2%,6.1%,3.3%,56%,6.30,0.20,2.50
144,10,2019,Jake Browning,Purgatory,3.12,30.40,-0.63,Washington,5,4/11/96,29.48,SR,23.06,Distributor,73,211,27.84,4.74,0,0.00%,95.02%,94.37%,93.98%,95.62%,95.62%,81.28%,7.42%,9.38%,9.38%,7.97%,19.40,83.60,68.2%,12.66,74.9%,5.6%,3.2%,51%,4.90,0.07,2.24
145,11,2020,Jake Luton,Purgatory,3.08,29.90,-0.64,Oregon State,5,4/11/96,29.48,RS SR,24.06,Pocket Passer,78,224,25.89,4.89,6,11.47%,0.00%,36.26%,55.52%,88.66%,88.66%,75.36%,-0.17%,3.56%,3.56%,3.02%,22.40,78.35,62.5%,12.23,74.1%,5.1%,1.6%,59%,3.00,0.06,0.42
146,13,2023,Tanner McKee,Purgatory,3.04,29.40,-0.65,Stanford,5,4/27/00,25.44,JR,23.01,Pocket Passer,78,231,26.69,4.85,6,0.00%,0.00%,3.60%,90.05%,96.66%,96.66%,82.16%,11.79%,8.14%,9.97%,8.47%,21.36,83.50,65.4%,11.13,75.6%,5.0%,1.5%,41%,4.00,0.03,2.51
147,12,2018,Luke Falk,Purgatory,3.01,28.90,-0.66,Washington State,5,12/28/94,30.77,SR,23.35,Pocket Passer,75,211,26.37,4.79,6,0.00%,32.78%,90.53%,94.80%,75.19%,85.00%,72.25%,6.60%,8.78%,8.78%,7.46%,20.69,80.16,69.7%,10.04,78.6%,4.8%,2.4%,49%,3.60,0.00,2.23
148,12,2024,Devin Leary,Purgatory,3.01,28.50,-0.66,Kentucky,1,9/10/99,26.07,RS SR,24.65,Pocket Passer,73,217,28.63,4.76,6,44.27%,28.22%,99.25%,43.04%,99.96%,99.96%,99.96%,2.54%,3.79%,3.79%,3.79%,21.99,84.54,61.1%,13.22,76.4%,6.8%,1.8%,55%,2.63,0.25,3.22
149,25,2026,Eli Holstein,Purgatory,2.98,28.00,-0.67,Pittsburgh,4,10/26/04,20.93,RS SO,21.52,Mobile Passer,76,225,27.39,4.7,0,0.00%,0.00%,0.00%,64.15%,86.98%,75.57%,68.01%,20.67%,27.53%,27.53%,24.78%,19.86,92.22,65.2%,14.17,72.3%,3.9%,5.3%,42%,6.70,0.47,6.47
150,11,2019,Tyree Jackson,Purgatory,2.94,27.50,-0.68,Buffalo,9,11/7/97,27.91,JR,21.48,Distributor,79,249,28.05,4.59,0,0.00%,0.00%,73.36%,60.11%,99.18%,99.18%,64.46%,13.86%,8.89%,11.37%,7.39%,18.83,112.20,60.3%,13.97,69.6%,7.8%,3.8%,43%,6.10,0.18,3.88
151,12,2021,KJ Costello,Purgatory,2.88,27.00,-0.70,Mississippi State,1,6/7/97,28.33,SR,23.90,Pocket Passer,77,215,25.49,4.9,0,0.00%,60.01%,99.72%,32.96%,39.49%,69.60%,69.60%,3.34%,1.21%,2.28%,2.28%,20.25,74.59,63.4%,13.16,73.5%,6.2%,3.3%,53%,4.30,0.00,1.00
152,12,2019,Brett Rypien,Purgatory,2.83,26.50,-0.71,Boise State,7,7/9/96,29.24,SR,22.81,Pocket Passer,73,210,27.71,4.91,0,0.00%,84.09%,94.25%,78.24%,97.60%,97.60%,73.20%,4.33%,8.06%,8.06%,6.04%,19.16,72.26,67.0%,12.31,74.9%,7.4%,3.0%,52%,3.40,0.03,1.55
153,26,2026,Jalon Daniels,Purgatory,2.82,26.00,-0.71,Kansas,3,10/29/02,22.93,RS SR,23.51,Game Manager,72,220,29.84,4.7,0,38.77%,60.90%,22.43%,97.96%,91.81%,97.96%,88.17%,18.75%,21.47%,21.47%,19.33%,19.85,90.17,66.7%,12.39,77.1%,7.1%,3.6%,47%,7.17,0.33,4.38
154,14,2025,Brady Cook,Purgatory,2.80,25.60,-0.72,Missouri,1,11/12/01,23.89,RS SR,23.47,Game Manager,74,215,27.60,4.59,0,2.70%,11.36%,98.74%,97.21%,86.64%,92.69%,92.69%,18.08%,16.25%,17.17%,17.17%,20.83,96.88,65.5%,12.61,75.4%,5.9%,0.8%,50%,5.10,0.12,1.67
155,12,2022,Jack Coan,Purgatory,2.76,25.10,-0.73,Notre Dame,2,12/9/98,26.82,RS SR,23.40,Pocket Passer,75,218,27.25,4.9,0,1.34%,25.12%,96.86%,0.00%,85.78%,91.32%,91.32%,0.00%,4.09%,4.09%,4.09%,20.74,75.63,65.7%,12.45,78.4%,6.0%,2.0%,37%,2.60,0.00,1.82
156,14,2023,Adrian Martinez,Purgatory,2.72,24.60,-0.74,Kansas State,3,1/7/99,26.74,RS SR,24.32,Run First,75,225,28.12,4.67,0,88.20%,76.95%,69.36%,89.49%,42.69%,66.09%,59.48%,29.01%,22.68%,25.85%,23.26%,19.66,94.61,64.5%,10.48,79.4%,4.7%,2.6%,54%,6.80,0.15,3.58
157,13,2018,Nic Shimonek,Purgatory,2.72,24.10,-0.74,Texas Tech,3,8/22/94,31.12,JR,23.70,Pocket Passer,75,225,28.12,4.86,0,0.00%,0.00%,0.36%,8.35%,91.19%,91.19%,82.07%,-0.13%,6.56%,6.56%,5.90%,23.04,80.66,66.5%,12.10,77.3%,5.4%,3.4%,56%,3.60,0.00,1.05
158,13,2024,Kedon Slovis,Purgatory,2.69,23.60,-0.75,BYU,3,4/11/01,24.48,RS SR,23.06,Pocket Passer,75,215,26.87,4.55,0,80.09%,99.79%,60.08%,82.67%,69.17%,84.48%,76.03%,1.31%,4.02%,4.02%,3.62%,18.40,100.33,58.5%,11.14,76.3%,5.1%,3.5%,50%,2.80,0.10,1.14
159,15,2025,Seth Henigan,Purgatory,2.68,23.10,-0.75,Memphis,6,3/10/03,22.57,SR,22.15,Distributor,75,215,26.87,4.76,0,0.00%,92.50%,99.12%,97.34%,99.69%,99.69%,74.77%,16.64%,12.11%,14.37%,10.78%,18.49,83.76,66.7%,11.31,74.3%,5.9%,2.0%,44%,4.30,0.10,1.71
160,14,2024,Sam Hartman,Purgatory,2.57,22.70,-0.79,Notre Dame,2,7/29/99,26.18,RS SR,24.76,Game Manager,73,212,27.97,4.8,0,65.06%,87.80%,98.33%,91.25%,84.12%,91.22%,91.22%,16.51%,8.73%,12.62%,12.62%,20.10,79.87,62.8%,14.19,73.2%,7.5%,2.5%,49%,6.30,0.11,2.83
161,16,2025,Payton Thorne,Purgatory,2.56,22.20,-0.79,Auburn,1,6/26/01,24.27,RS SR,23.85,Game Manager,74,203,26.06,4.7,0,34.81%,98.05%,93.02%,83.17%,85.66%,91.86%,91.86%,25.48%,20.70%,23.09%,23.09%,20.19,83.20,62.4%,13.63,73.1%,4.8%,1.7%,44%,6.20,0.14,2.41
162,14,2016,Jacoby Brissett,Purgatory,2.52,21.70,-0.80,North Carolina State,4,12/11/92,32.82,RS SR,23.39,Run First,76,235,28.60,4.94,3,8.53%,13.09%,0.00%,98.27%,97.12%,97.69%,87.92%,25.85%,20.31%,23.08%,20.77%,21.73,78.92,59.5%,11.23,71.3%,4.4%,2.9%,46%,7.10,0.22,3.51
163,27,2026,Aidan Chiles,Purgatory,2.51,21.20,-0.80,Michigan State,2,9/12/05,20.05,JR,20.64,Run First,75,217,27.12,4.7,0,0.00%,0.00%,9.82%,92.28%,98.52%,95.40%,95.40%,23.07%,32.75%,32.75%,32.75%,18.98,88.94,68.6%,12.40,74.7%,3.8%,2.3%,42%,7.76,0.41,4.72
164,12,2020,Cole McDonald,Purgatory,2.50,20.70,-0.81,Hawaii,7,5/20/98,27.38,JR,21.95,Mobile Passer,75,215,26.87,4.54,7,0.00%,0.00%,0.78%,89.20%,81.78%,85.49%,64.12%,22.74%,21.10%,21.92%,16.44%,20.30,101.22,63.8%,12.68,72.0%,5.5%,4.4%,42%,5.60,0.06,2.67
165,13,2021,Jamie Newman,Purgatory,2.46,20.20,-0.82,Wake Forest,4,12/1/97,27.84,SR,23.42,Run First,76,230,28.00,4.65,0,0.00%,0.22%,35.43%,76.65%,0.00%,38.33%,34.49%,29.34%,0.00%,14.67%,13.20%,21.76,98.39,61.0%,13.12,71.1%,5.9%,2.5%,51%,4.50,0.16,2.91
166,14,2021,Peyton Ramsey,Purgatory,2.45,19.80,-0.82,Northwestern,2,10/31/97,27.93,SR,23.50,Game Manager,74,220,28.25,4.77,0,0.00%,38.96%,92.95%,62.27%,97.30%,97.30%,97.30%,20.11%,13.36%,16.73%,16.73%,20.85,84.99,67.7%,12.06,75.4%,4.8%,1.8%,44%,4.80,0.17,2.73
167,13,2020,James Morgan,Purgatory,2.43,19.30,-0.83,FIU,10,2/28/98,27.60,RS SR,22.18,Pocket Passer,76,229,27.87,4.89,4,0.00%,76.96%,45.39%,83.84%,92.59%,92.59%,55.56%,0.77%,1.59%,1.59%,0.95%,18.52,80.10,64.9%,12.32,71.0%,3.8%,4.6%,42%,1.50,0.04,1.21
168,17,2025,Max Brosmer,Purgatory,2.43,18.80,-0.83,Minnesota,2,3/28/01,24.52,RS SR,24.10,Pocket Passer,74,225,28.89,4.78,0,91.61%,6.75%,99.97%,98.62%,97.90%,98.94%,98.94%,15.86%,7.97%,11.91%,11.91%,19.44,86.20,66.0%,10.45,77.5%,5.2%,1.7%,46%,4.90,0.13,2.49
169,13,2022,D'Eriq King,Purgatory,2.36,18.30,-0.85,Miami,4,8/24/97,28.11,RS SR,24.69,Run First,69,196,28.94,4.45,0,40.59%,77.12%,27.46%,87.97%,19.90%,53.93%,48.54%,34.62%,7.12%,20.87%,18.78%,21.03,99.96,65.3%,9.47,79.1%,6.4%,1.7%,63%,6.20,0.21,3.82
170,14,2020,Brian Lewerke,Purgatory,2.31,17.80,-0.86,Michigan State,2,10/24/96,28.95,SR,23.52,Mobile Passer,74,213,27.35,4.95,0,0.00%,14.28%,100.14%,72.31%,96.48%,98.31%,98.31%,16.90%,25.28%,25.28%,25.28%,20.87,70.96,59.7%,11.76,70.6%,4.1%,3.2%,51%,4.40,0.04,2.14
171,15,2016,Brandon Doughty,Purgatory,2.28,17.30,-0.87,Western Kentucky,10,10/6/91,34.00,RS SR,24.58,Pocket Passer,75,212,26.50,5.22,7,5.28%,0.26%,91.05%,99.36%,96.78%,98.07%,58.84%,3.13%,0.78%,1.95%,1.17%,21.92,57.11,71.2%,13.00,81.8%,4.7%,2.4%,53%,2.70,0.00,1.65
172,18,2025,DJ Uiagalelei,Purgatory,2.27,16.90,-0.88,Florida State,4,4/17/01,24.46,RS SR,24.04,Game Manager,76,252,30.67,4.87,0,21.86%,90.34%,77.47%,83.26%,49.03%,69.69%,62.72%,11.77%,3.32%,7.55%,6.79%,20.39,89.60,57.0%,12.78,71.6%,6.2%,2.6%,47%,4.20,0.23,2.72
173,12,2017,Seth Russell,Purgatory,2.26,16.40,-0.88,Baylor,3,1/24/94,31.70,SR,23.27,Game Manager,74,203,26.06,4.68,0,0.00%,9.15%,16.90%,55.95%,58.19%,58.19%,52.37%,9.48%,17.45%,17.45%,15.71%,21.61,84.63,59.5%,13.98,70.8%,8.4%,5.2%,47%,8.90,0.27,4.11
174,15,2020,Kelly Bryant,Purgatory,2.24,15.90,-0.88,Missouri,1,9/25/96,29.02,RS SR,23.60,Game Manager,74,229,29.40,4.69,0,0.62%,0.96%,84.47%,11.03%,82.93%,83.70%,83.70%,4.09%,18.89%,18.89%,18.89%,20.95,94.66,66.7%,12.24,73.9%,5.5%,1.6%,47%,6.10,0.25,4.58
175,16,2020,Khalil Tate,Purgatory,2.22,15.40,-0.89,Arizona,5,10/23/98,26.95,SR,21.53,Game Manager,74,215,27.60,4.49,0,0.00%,11.37%,68.12%,82.63%,61.29%,71.96%,61.17%,11.86%,24.07%,24.07%,20.46%,18.87,105.80,60.1%,12.16,70.7%,7.3%,3.3%,40%,7.80,0.24,3.04
176,14,2018,Quinton Flowers,Purgatory,2.20,14.90,-0.89,USF,6,12/2/94,30.84,SR,23.42,Run First,70,214,30.71,4.63,0,0.00%,4.66%,90.86%,95.85%,97.02%,97.02%,72.77%,41.99%,35.55%,38.77%,29.08%,20.76,93.14,62.9%,15.58,70.2%,6.5%,2.7%,42%,8.10,0.29,2.43
177,15,2023,Sean Clifford,Purgatory,2.18,14.40,-0.90,Penn State,2,7/14/98,27.22,RS SR,24.80,Distributor,74,210,26.96,4.7,5,6.88%,92.25%,82.03%,89.00%,85.96%,89.10%,89.10%,21.60%,10.72%,16.16%,16.16%,21.15,86.07,64.4%,12.49,77.1%,4.6%,2.2%,46%,5.20,0.09,2.13
178,29,2026,Jackson Arnold,Purgatory,2.16,14.00,-0.90,Auburn,1,9/2/04,21.08,JR,21.66,Run First,73,211,27.84,4.7,0,0.00%,0.00%,13.19%,61.68%,97.30%,79.49%,79.49%,28.09%,30.08%,30.08%,30.08%,20.01,86.48,68.3%,10.45,76.6%,2.9%,2.1%,46%,6.23,0.30,3.53
179,15,2018,Riley Ferguson,Purgatory,2.13,13.50,-0.92,Memphis,6,1/19/95,30.71,SR,23.28,Pocket Passer,75,212,26.50,4.98,0,0.00%,0.00%,0.00%,93.28%,97.68%,97.68%,73.26%,6.19%,5.03%,5.61%,4.21%,21.63,68.94,63.1%,14.23,74.7%,5.4%,3.5%,46%,3.40,0.03,1.81
180,30,2026,Miller Moss,Purgatory,2.10,13.00,-0.93,Louisville,4,3/29/02,23.52,RS SR,24.10,Pocket Passer,74,210,26.96,4.7,0,2.07%,3.39%,15.73%,67.14%,88.80%,77.97%,70.17%,1.40%,3.53%,3.53%,3.18%,22.44,86.07,67.1%,13.02,75.7%,3.4%,2.0%,44%,6.00,0.08,2.08
181,16,2018,Kyle Allen,Purgatory,2.09,12.50,-0.93,Houston,6,3/8/96,29.58,RS JR,22.15,Game Manager,75,210,26.25,4.74,0,0.00%,33.29%,65.83%,0.00%,23.95%,44.89%,33.67%,0.00%,0.58%,0.58%,0.43%,19.49,83.20,76.2%,9.39,85.1%,5.8%,4.3%,47%,1.30,0.17,2.33
182,17,2018,Tanner Lee,Purgatory,2.01,12.00,-0.95,Nebraska,2,2/14/95,30.64,RS JR,23.21,Pocket Passer,76,218,26.54,4.98,6,0.00%,81.78%,67.12%,0.00%,94.23%,94.23%,94.23%,0.00%,0.73%,0.73%,0.73%,19.56,70.89,57.2%,12.81,67.0%,4.1%,5.7%,41%,1.50,0.00,1.00
183,18,2018,Kenny Hill,Purgatory,1.97,11.50,-0.96,TCU,3,12/20/94,30.79,RS SR,23.37,Mobile Passer,73,205,27.05,4.73,0,0.00%,66.51%,0.00%,92.31%,92.45%,92.45%,83.21%,27.97%,16.42%,22.20%,19.98%,19.71,81.91,67.3%,11.75,73.7%,3.9%,4.2%,39%,7.60,0.32,4.13
184,17,2020,Steven Montez,Purgatory,1.96,11.10,-0.96,Colorado,5,1/14/97,28.72,SR,23.30,Distributor,76,231,28.12,4.58,0,0.00%,30.26%,95.36%,95.39%,98.29%,98.29%,83.54%,22.35%,14.31%,18.33%,15.58%,20.64,105.00,64.8%,11.02,73.9%,4.9%,2.4%,39%,6.30,0.11,3.55
185,19,2018,Austin Allen,Purgatory,1.94,10.60,-0.97,Arkansas,1,8/21/94,31.12,SR,23.70,Pocket Passer,72,209,28.35,4.81,0,0.00%,6.26%,1.00%,100.12%,57.04%,78.58%,78.58%,4.08%,3.84%,3.96%,3.96%,22.04,78.09,60.9%,13.39,71.5%,5.8%,3.4%,48%,5.30,0.09,2.05
186,13,2019,Clayton Thorson,Purgatory,1.92,10.10,-0.98,Northwestern,2,6/15/95,30.31,SR,23.88,Pocket Passer,76,222,27.02,4.75,5,0.00%,84.56%,99.78%,93.39%,95.05%,97.41%,97.41%,8.96%,6.83%,7.90%,7.90%,20.22,87.22,60.6%,10.66,72.1%,4.0%,2.6%,40%,3.50,0.07,1.84
187,8,2015,Shane Carden,Purgatory,1.89,9.60,-0.99,East Carolina,6,11/6/91,33.92,SR,23.49,Distributor,74,221,28.37,4.94,0,0.00%,0.00%,87.75%,97.05%,97.77%,97.77%,73.32%,0.00%,12.53%,12.53%,9.40%,20.83,74.22,70.5%,12.03,73.0%,2.9%,2.2%,50%,4.39,0.12,1.41
188,31,2026,Haynes King,Purgatory,1.86,9.10,-0.99,Georgia Tech,4,1/9/01,24.73,RS SR,25.31,Game Manager,75,215,26.87,4.7,0,11.99%,46.33%,98.71%,68.13%,52.49%,83.42%,75.08%,23.71%,15.12%,19.42%,17.47%,22.66,88.12,72.3%,11.22,82.3%,5.4%,0.0%,52%,7.80,0.25,2.63
189,18,2020,Anthony Gordon,Purgatory,1.78,8.60,-1.02,Washington State,5,8/23/96,29.12,SR,23.69,Pocket Passer,74,205,26.32,4.9,0,0.00%,0.00%,0.00%,0.35%,97.89%,97.89%,83.21%,0.00%,10.72%,10.72%,9.12%,23.04,71.12,71.2%,11.28,79.8%,3.9%,3.6%,43%,3.30,0.00,2.09
190,14,2019,Kyle Shurmur,Purgatory,1.77,8.20,-1.02,Vanderbilt,1,11/6/96,28.91,SR,22.48,Pocket Passer,76,230,28.00,4.91,0,0.00%,24.39%,96.90%,96.96%,98.93%,98.93%,98.93%,2.65%,2.75%,2.75%,2.75%,19.83,79.15,61.9%,12.29,72.0%,3.7%,3.2%,44%,2.70,0.00,1.20
191,15,2024,Austin Reed,Purgatory,1.66,7.70,-1.05,Western Kentucky,10,2/22/00,25.61,RS SR,24.19,Pocket Passer,74,220,28.25,4.82,0,96.94%,0.00%,98.56%,96.21%,86.63%,92.60%,55.56%,14.51%,9.57%,12.04%,7.22%,19.53,81.52,64.6%,11.51,73.0%,5.5%,3.5%,49%,3.70,0.07,1.33
192,32,2026,Mark Gronowski,Purgatory,1.63,7.20,-1.06,Iowa,2,10/5/01,23.99,RS SR,24.58,Game Manager,75,230,28.75,4.7,0,91.28%,98.90%,91.73%,91.57%,89.29%,95.24%,95.24%,11.64%,20.85%,20.85%,20.85%,19.92,94.27,60.6%,10.04,78.1%,5.4%,1.8%,50%,4.40,0.24,2.45
193,16,2024,Brennan Armstrong,Purgatory,1.51,6.70,-1.10,NC State,4,10/18/99,25.96,RS SR,24.54,Run First,74,212,27.22,4.76,0,5.24%,81.12%,94.01%,98.87%,70.73%,84.80%,76.32%,39.07%,33.33%,36.20%,32.58%,20.89,82.59,60.8%,11.14,74.1%,6.7%,2.0%,46%,6.20,0.28,3.54
194,20,2018,Chase Litton,Purgatory,1.44,6.20,-1.12,Marshall,8,10/5/95,30.00,JR,22.58,Pocket Passer,77,232,27.51,4.87,0,0.00%,0.00%,86.52%,89.90%,99.87%,99.87%,64.92%,1.76%,4.49%,4.49%,2.92%,19.92,82.49,61.9%,11.70,68.1%,6.2%,3.5%,41%,2.40,0.00,0.81
195,9,2015,Bo Wallace,Purgatory,1.43,5.70,-1.12,Ole Miss,1,6/23/92,33.28,SR,22.86,Distributor,76,217,26.41,4.8,0,0.00%,0.00%,92.15%,90.85%,93.43%,93.43%,93.43%,0.00%,16.36%,16.36%,16.36%,20.20,81.76,64.8%,13.92,69.4%,4.0%,5.0%,38%,3.91,0.09,1.09
196,17,2024,Phil Jurkovec,Purgatory,1.39,5.30,-1.13,Pittsburgh,4,11/3/99,25.92,RS SR,24.50,Game Manager,77,235,27.87,4.86,0,6.77%,81.83%,41.23%,57.71%,31.56%,56.69%,51.02%,14.76%,12.35%,13.56%,12.20%,20.84,84.25,59.0%,14.35,69.9%,3.3%,4.0%,39%,5.90,0.10,2.61
197,13,2017,Mitch Leidner,Purgatory,1.29,4.80,-1.16,Minnesota,2,1/17/94,31.72,SR,23.29,Game Manager,76,230,28.00,4.7,0,0.00%,32.16%,97.51%,96.56%,96.59%,97.05%,97.05%,19.06%,17.35%,18.21%,18.21%,20.63,94.27,59.0%,12.53,69.0%,5.8%,4.9%,46%,4.20,0.15,2.27
198,10,2015,Trevor Siemian,Purgatory,1.14,4.30,-1.20,Northwestern,2,12/26/91,33.78,SR,23.35,Pocket Passer,75,220,27.50,4.8,7,0.00%,7.75%,59.69%,78.83%,85.72%,85.72%,85.72%,0.00%,6.72%,6.72%,6.72%,20.70,82.89,59.7%,9.77,68.9%,4.4%,3.5%,37%,3.00,0.00,0.88
199,21,2018,Kurt Benkert,Purgatory,0.97,3.80,-1.25,Virginia,4,7/17/95,30.22,RS JR,22.79,Pocket Passer,74,218,27.99,4.95,0,0.00%,1.20%,0.00%,89.07%,98.98%,98.98%,89.08%,7.46%,7.68%,7.68%,6.91%,21.14,72.62,58.3%,10.74,71.0%,5.0%,3.9%,35%,3.50,0.06,1.20
200,19,2025,Connor Bazelak,Purgatory,0.74,3.30,-1.32,Bowling Green,9,9/22/00,25.03,RS SR,24.61,Pocket Passer,75,225,28.12,4.8,0,88.72%,84.09%,88.62%,78.93%,97.79%,97.79%,63.57%,4.88%,4.50%,4.69%,3.05%,19.96,84.77,66.8%,11.33,75.5%,2.4%,1.9%,46%,4.10,0.17,0.96
201,15,2019,Nick Fitzgerald,Purgatory,0.63,2.80,-1.35,Mississippi State,1,1/14/96,29.72,RS SR,23.30,Run First,76,226,27.51,4.64,0,0.00%,5.69%,89.14%,82.21%,78.18%,83.66%,83.66%,30.38%,41.19%,41.19%,41.19%,20.64,97.51,55.6%,12.18,65.7%,3.9%,4.7%,35%,6.40,0.17,3.32
202,14,2017,Trevor Knight,Purgatory,0.28,2.40,-1.46,Texas A&M,1,10/3/93,32.01,SR,23.58,Run First,73,219,28.89,4.54,0,0.00%,31.65%,86.96%,7.64%,73.32%,80.14%,80.14%,2.34%,23.68%,23.68%,23.68%,20.92,103.10,56.1%,12.60,68.4%,3.7%,4.1%,39%,7.30,0.07,2.57
203,33,2026,Conner Weigman,Purgatory,0.15,1.90,-1.49,Houston,3,8/8/03,22.15,RS JR,22.73,Run First,75,210,26.25,4.7,0,0.00%,34.03%,27.81%,29.81%,100.00%,64.90%,58.41%,5.28%,26.15%,26.15%,23.53%,22.08,86.07,63.4%,12.64,70.8%,4.1%,4.4%,33%,7.10,0.25,3.40
204,17,2023,Tommy Devito,Purgatory,-0.36,1.40,-1.64,Illinois,2,8/7/98,27.16,RS SR,24.74,Pocket Passer,74,210,26.96,4.7,0,14.97%,80.85%,31.43%,21.13%,96.00%,96.00%,96.00%,4.27%,7.89%,7.89%,7.89%,21.08,86.07,69.4%,10.32,0.0%,0.0%,0.0%,0%,7.60,0.84,3.40
205,11,2015,Cody Fajardo,Purgatory,-1.23,0.90,-1.90,Nevada,7,3/29/92,33.52,SR,23.09,Run First,74,215,27.60,4.63,0,0.00%,50.67%,87.89%,89.89%,99.24%,99.24%,74.43%,0.00%,41.81%,41.81%,31.36%,20.44,93.57,67.9%,10.42,67.1%,2.9%,4.6%,37%,7.05,0.14,2.92
206,15,2017,Taysom Hill,Purgatory,-1.54,0.40,-1.99,BYU,7,8/23/90,35.12,RS SR,26.70,Run First,74,225,28.89,4.68,0,13.22%,99.86%,26.83%,6.95%,90.24%,95.05%,71.29%,4.42%,25.87%,25.87%,19.40%,23.04,93.81,61.8%,10.51,70.5%,2.7%,2.2%,31%,13.80,0.50,3.25